Date,Actual,Prophet,LSTM
2018-03-29,39.535972595214844,40.845422948142776,6746.3496
2018-04-02,39.276771545410156,41.73803269320816,6708.9346
2018-04-03,39.67972183227539,41.838695425394796,6672.8784
2018-04-04,40.43849563598633,42.03735138738488,6642.3486
2018-04-05,40.718902587890625,42.08537639230725,6622.717
2018-04-06,39.677364349365234,42.131930685922796,6613.9336
2018-04-09,40.07087326049805,42.675468527160206,6605.82
2018-04-10,40.82493591308594,42.698953891965296,6601.186
2018-04-11,40.63406753540039,42.82104458301146,6604.6304
2018-04-12,41.03466033935547,42.79348052138687,6612.342
2018-04-13,41.173675537109375,42.765651477339,6625.579
2018-04-16,41.4305305480957,43.09381115565224,6643.155
2018-04-17,42.00079345703124,43.047801398217025,6664.857
2018-04-18,41.906517028808594,43.101230015104164,6692.6387
2018-04-19,40.718902587890625,43.005589796704626,6722.8623
2018-04-20,39.05054473876953,42.91001513003069,6744.7915
2018-04-23,38.93745040893555,43.034679203142296,6747.4336
2018-04-24,38.39547348022461,42.920239738712965,6734.969
2018-04-25,38.562774658203125,42.90485774228537,6708.2144
2018-04-26,38.697086334228516,42.74010708750969,6673.616
2018-04-27,38.249366760253906,42.575301524505136,6636.0664
2018-04-30,38.9421501159668,42.494866949529865,6595.0454
2018-05-01,39.84702682495117,42.31452189546113,6558.5117
2018-05-02,41.607269287109375,42.23548269093517,6533.612
2018-05-03,41.682674407958984,42.01004193480104,6531.172
2018-05-04,43.318016052246094,41.78828256344579,6545.8594
2018-05-07,43.63142776489258,41.56745416226902,6584.094
2018-05-08,43.84115219116212,41.35312365204468,6639.942
2018-05-09,44.14983367919922,41.247744171964996,6707.3716
2018-05-10,44.7813606262207,41.00425277136914,6782.1396
2018-05-11,44.61104965209961,40.77328237601612,6863.194
2018-05-14,44.50695800781249,40.58157666457284,6943.732
2018-05-15,44.10245895385742,40.39642029079916,7019.3013
2018-05-16,44.51404571533204,40.32984246721327,7084.7754
2018-05-17,44.23257064819336,40.134478409220264,7142.888
2018-05-18,44.071712493896484,39.9605004042268,7191.0576
2018-05-21,44.38395309448242,39.98611251350377,7228.761
2018-05-22,44.27278137207031,39.885891965969165,7259.5903
2018-05-23,44.55663299560547,39.90874799640501,7283.451
2018-05-24,44.50695800781249,39.806142485470716,7303.4546
2018-05-25,44.608680725097656,39.727025508927554,7319.623
2018-05-29,44.44782257080078,40.02820725649634,7333.21
2018-05-30,44.35319519042969,40.13824632033267,7343.307
2018-05-31,44.204185485839844,40.118050797789586,7349.855
2018-06-01,45.00135803222657,40.11574096417397,7352.5513
2018-06-04,45.37746047973633,40.616975134621825,7358.228
2018-06-05,45.727569580078125,40.657034690064435,7368.706
2018-06-06,45.886043548583984,40.80908856457664,7384.856
2018-06-07,45.7630500793457,40.82385295629532,7405.6147
2018-06-08,45.34671401977539,40.84984075079532,7427.893
2018-06-11,45.23552322387695,41.40234225945632,7447.19
2018-06-12,45.483924865722656,41.45108163829098,7462.5596
2018-06-13,45.110172271728516,41.609272781212134,7476.1577
2018-06-14,45.133819580078125,41.628730799172565,7485.1523
2018-06-15,44.67018127441406,41.65909395349393,7490.571
2018-06-18,44.64653396606446,42.23380550823905,7489.813
2018-06-19,43.9250373840332,42.29633630110108,7484.4595
2018-06-20,44.11666107177735,42.47293726329734,7470.822
2018-06-21,43.870643615722656,42.51606869286987,7453.2134
2018-06-22,43.74290084838867,42.5758428109866,7431.8325
2018-06-25,43.09239196777344,43.275051968530306,7407.833
2018-06-26,43.62699890136719,43.39075111387108,7378.3594
2018-06-27,43.563133239746094,43.62562111064803,7350.1616
2018-06-28,43.88009262084961,43.73137766766855,7323.801
2018-06-29,43.78784942626953,43.8572026889091,7302.3174
2018-07-02,44.27750396728516,44.76346676964728,7284.716
2018-07-03,43.5063591003418,44.946672026010795,7274.2705
2018-07-05,43.85643768310547,45.41127108119012,7263.869
2018-07-06,44.46438217163085,45.59060516854352,7256.3843
2018-07-09,45.081764221191406,46.60714691515699,7255.7163
2018-07-10,45.02737045288086,46.80656012692883,7264.495
2018-07-11,44.44309616088867,47.11023798443913,7279.319
2018-07-12,45.18822479248047,47.267866557282595,7293.5063
2018-07-13,45.259193420410156,47.426879749053114,7311.856
2018-07-16,45.15983963012695,48.30843648403942,7332.8716
2018-07-17,45.287574768066406,48.439987184322774,7354.087
2018-07-18,45.03919982910157,48.66595298566189,7375.3525
2018-07-19,45.38929748535156,48.73735067112144,7393.8438
2018-07-20,45.28520965576172,48.80316693550806,7411.9976
2018-07-23,45.32541275024415,49.3815125645001,7428.3516
2018-07-24,45.654232025146484,49.41078555921783,7442.9663
2018-07-25,46.084754943847656,49.5373504379603,7458.089
2018-07-26,45.940460205078125,49.514299178558716,7476.1025
2018-07-27,45.1764030456543,49.492614749835084,7494.4233
2018-07-30,44.92329406738281,49.86789072458325,7506.585
2018-07-31,45.01318740844726,49.85413570289856,7511.8345
2018-08-01,47.66490554809571,49.95175369326323,7512.4854
2018-08-02,49.058189392089844,49.91440996127625,7529.1724
2018-08-03,49.20011901855469,49.89330714052883,7567.2124
2018-08-06,49.45559310913086,50.356194411403905,7620.27
2018-08-07,48.99195098876953,50.397269172304114,7683.682
2018-08-08,49.02507400512695,50.56013124880191,7748.2383
2018-08-09,49.41065597534179,50.59651109653303,7810.739
2018-08-10,49.26346969604492,50.65539140486529,7871.5864
2018-08-13,49.58156967163086,51.37024487687634,7927.34
2018-08-14,49.79045486450195,51.49005482396758,7979.164
2018-08-15,49.906768798828125,51.7242284132709,8027.3677
2018-08-16,50.63790512084961,51.82164928538972,8071.7007
2018-08-17,51.649147033691406,51.928564356312336,8116.6855
2018-08-20,51.14590072631836,52.68511000454389,8167.6924
2018-08-21,51.04620361328124,52.777958394350556,8217.267
2018-08-22,51.04856872558594,52.96226288893304,8262.881
2018-08-23,51.15302658081055,52.986040089984606,8303.615
2018-08-24,51.31206512451172,52.99512825444616,8339.79
2018-08-27,51.73460388183594,53.316235039821095,8372.272
2018-08-28,52.15239715576172,53.22009691702766,8403.82
2018-08-29,52.930992126464844,53.19641328162757,8436.466
2018-08-30,53.417625427246094,52.99560813177542,8474.293
2018-08-31,54.03481674194336,52.76631234581388,8517.895
2018-09-04,54.20810317993163,51.966097267713494,8568.3545
2018-09-05,53.854412078857415,51.68654400539064,8622.8545
2018-09-06,52.9594841003418,51.237680078497206,8675.226
2018-09-07,52.532203674316406,50.7719009671659,8717.029
2018-09-10,51.82718276977538,49.72260808938234,8746.037
2018-09-11,53.137516021728516,49.21000690840257,8759.236
2018-09-12,52.47759628295898,48.80058190806324,8770.057
2018-09-13,53.7452163696289,48.25047645305872,8774.047
2018-09-14,53.13515090942383,47.713469821061565,8782.388
2018-09-17,51.720359802246094,46.636503391866505,8789.271
2018-09-18,51.805835723876946,46.17595257451457,8784.491
2018-09-19,51.83667755126953,45.84751932279791,8772.082
2018-09-20,52.23072052001953,45.40557285466893,8755.007
2018-09-21,51.66814041137695,45.001662021738674,8738.324
2018-09-24,52.4111328125,44.44550141851673,8718.692
2018-09-25,52.74346923828125,44.18817793157962,8703.328
2018-09-26,52.323299407958984,44.071824769438805,8694.312
2018-09-27,53.39863967895508,43.84707671423591,8687.29
2018-09-28,53.58617401123047,43.66174819282979,8689.907
2018-10-01,53.946990966796875,43.73385321944258,8700.813
2018-10-02,54.42649841308594,43.66587204844718,8719.853
2018-10-03,55.088783264160156,43.72408675619521,8747.395
2018-10-04,54.12028121948242,43.65683906304961,8784.656
2018-10-05,53.241973876953125,43.610075023084384,8820.078
2018-10-08,53.118526458740234,43.97249792823688,8845.892
2018-10-09,53.854412078857415,43.95797130328033,8862.459
2018-10-10,51.35954666137695,44.04840938314722,8876.918
2018-10-11,50.90613555908203,43.99309166919544,8870.896
2018-10-12,52.72448348999023,43.939315634245126,8846.876
2018-10-15,51.5969352722168,44.18586176712059,8824.329
2018-10-16,52.733970642089844,44.10876551449146,8795.889
2018-10-17,52.506080627441406,44.12898806448945,8772.967
2018-10-18,51.27882385253907,43.998565761744636,8753.641
2018-10-19,52.059814453125,43.86756836209076,8728.882
2018-10-22,52.377906799316406,43.896360576356926,8707.001
2018-10-23,52.87164306640625,43.75939910762507,8690.591
2018-10-24,51.05807113647461,43.729578700125344,8682.554
2018-10-25,52.1761360168457,43.56057316196932,8667.645
2018-10-26,51.34530258178711,43.40374889163653,8656.452
2018-10-29,50.38153839111329,43.43904672232478,8642.353
2018-10-30,50.633159637451165,43.33284319042154,8619.609
2018-10-31,51.9529914855957,43.34744638033172,8593.362
2018-11-01,52.75059127807617,43.235632718713326,8575.454
2018-11-02,49.25161361694336,43.147563453718085,8570.389
2018-11-05,47.85344314575195,43.44265681005719,8549.266
2018-11-06,48.37092971801758,43.43466762964297,8506.912
2018-11-07,49.837936401367195,43.54988343272137,8454.7
2018-11-08,49.664031982421875,43.538968342510266,8408.52
2018-11-09,48.70644760131836,43.55000106014452,8367.753
2018-11-12,46.252906799316406,44.11228272928306,8325.856
2018-11-13,45.79077529907226,44.17767738779025,8267.037
2018-11-14,44.4973030090332,44.35615166426403,8195.047
2018-11-15,45.595451354980476,44.397379272999196,8107.27
2018-11-16,46.100440979003906,44.448729766728306,8020.0176
2018-11-19,44.273399353027344,45.05828167398682,7940.953
2018-11-20,42.158103942871094,45.11538771159084,7858.2275
2018-11-21,42.1104621887207,45.27447456803885,7761.084
2018-11-23,41.04090499877929,45.29880056975315,7657.3516
2018-11-26,41.59592056274414,45.750866720989954,7545.719
2018-11-27,41.50541305541992,45.74642956963534,7437.3784
2018-11-28,43.101409912109375,45.84189298960443,7335.713
2018-11-29,42.77029800415039,45.78924876397892,7255.0586
2018-11-30,42.53923034667968,45.738284838014266,7190.951
2018-12-03,44.02565002441406,46.014427348753664,7139.9023
2018-12-04,42.08902359008789,45.95916135998327,7111.1606
2018-12-06,41.6197509765625,45.914929562695946,7085.6655
2018-12-07,40.13571548461914,45.82793438854158,7059.7827
2018-12-10,40.400123596191406,46.02264370613242,7023.6216
2018-12-11,40.16905975341797,45.94710914681094,6983.163
2018-12-12,40.281036376953125,45.978339367013206,6939.5703
2018-12-13,40.721710205078125,45.86755437197229,6896.3853
2018-12-14,39.418704986572266,45.76349656497728,6858.607
2018-12-17,39.0518684387207,45.89711137698948,6817.026
2018-12-18,39.55925369262695,45.79479229512374,6771.7686
2018-12-19,38.32533264160156,45.79474997310602,6729.4766
2018-12-20,37.358211517333984,45.64767731088231,6682.317
2018-12-21,35.905120849609375,45.501989428430406,6626.63
2018-12-24,34.97612380981445,45.47879224836916,6556.646
2018-12-26,37.4391975402832,45.249664009254325,6472.615
2018-12-27,37.19621658325195,45.0351185790548,6399.919
2018-12-28,37.21529006958008,44.82089664958785,6337.2383
2018-12-31,37.57497787475586,44.601266123685136,6284.8384
2019-01-02,37.61785888671875,44.26628219046783,6244.8193
2019-01-03,33.87083435058594,44.01179217013147,6215.816
2019-01-04,35.31676483154297,43.76862470413207,6168.9165
2019-01-07,35.2381477355957,43.54342998799284,6121.0464
2019-01-08,35.90989303588867,43.3521069738534,6073.9873
2019-01-09,36.519710540771484,43.284010293396335,6034.3906
2019-01-10,36.636436462402344,43.09309872109519,6006.375
2019-01-11,36.276737213134766,42.930841307632406,5988.847
2019-01-14,35.731239318847656,43.04700573613613,5977.031
2019-01-15,36.462547302246094,42.99870461123026,5965.772
2019-01-16,36.90799331665039,43.085528882550086,5960.4736
2019-01-17,37.127140045166016,43.05930783618691,5962.858
2019-01-18,37.355838775634766,43.06909098451894,5972.207
2019-01-22,36.5173225402832,43.84248371576933,5987.736
2019-01-23,36.66501998901367,44.09478325761469,6000.898
2019-01-24,36.37440490722656,44.22341112582567,6012.6167
2019-01-25,37.57973861694336,44.37437411573531,6020.5684
2019-01-28,37.23196029663086,45.33679784482843,6034.045
2019-01-29,36.8460578918457,45.52141610770704,6048.502
2019-01-30,39.36392593383789,45.80816803701055,6060.2095
2019-01-31,39.64739227294922,45.9444216614476,6087.521
2019-02-01,39.66644287109375,46.07528973641476,6127.207
2019-02-04,40.79318237304687,46.80915057957431,6174.2637
2019-02-05,41.49112319946289,46.86322878810239,6232.6343
2019-02-06,41.50541305541992,46.994318637452174,6301.644
2019-02-07,40.719322204589844,46.95169820315588,6375.3394
2019-02-08,40.76715850830078,46.88280350357218,6443.3013
2019-02-11,40.5327262878418,46.92061779663437,6504.202
2019-02-12,40.88201141357422,46.721384521891835,6555.466
2019-02-13,40.712146759033196,46.594509827049016,6599.951
2019-02-14,40.860469818115234,46.2930479057752,6636.3916
2019-02-15,40.76955795288086,45.96823878750883,6666.5513
2019-02-19,40.89156723022461,44.88581529577302,6690.3086
2019-02-20,41.15471649169922,44.57114927332402,6709.4077
2019-02-21,40.92267608642578,44.10466097848422,6726.3613
2019-02-22,41.37959671020508,43.63987564376422,6739.501
2019-02-25,41.6810188293457,42.71153319134863,6752.7275
2019-02-26,41.704952239990234,42.27895965194029,6767.7715
2019-02-27,41.83413696289063,41.96878920606315,6783.762
2019-02-28,41.422664642333984,41.5463571624065,6800.735
2019-03-01,41.8580551147461,41.15431735153711,6814.7246
2019-03-04,42.068580627441406,40.60176115212191,6829.073
2019-03-05,41.99201583862305,40.34030446524231,6844.62
2019-03-06,41.75040817260742,40.22009523404681,6859.8306
2019-03-07,41.26716613769531,39.99364373605799,6872.3726
2019-03-08,41.3652458190918,39.8106696299281,6878.901
2019-03-11,42.798236846923835,39.93298461862628,6881.462
2019-03-12,43.2790870666504,39.90206534308546,6891.478
2019-03-13,43.4704704284668,40.010195419424036,6910.13
2019-03-14,43.953704833984375,40.00709422694631,6935.701
2019-03-15,44.52547836303711,40.039885458081436,6968.6772
2019-03-18,44.98001861572265,40.74167207449685,7009.7007
2019-03-19,44.623558044433594,40.87526274649116,7058.0093
2019-03-20,45.013511657714844,41.131321033785554,7106.795
2019-03-21,46.67135620117188,41.25868694894719,7156.4453
2019-03-22,45.70488357543945,41.40392197847183,7216.5176
2019-03-25,45.152259826660156,42.33382212676005,7274.496
2019-03-26,44.685760498046875,42.50807781836208,7324.202
2019-03-27,45.0876579284668,42.788244450723035,7362.17
2019-03-28,45.1474609375,42.92414731114397,7392.8105
2019-03-29,45.44173049926758,43.06349258767664,7417.2974
2019-04-01,45.75033187866211,43.90226685804324,7438.5044
2019-04-02,46.415397644042976,44.026335312524566,7458.812
2019-04-03,46.73356628417969,44.24877928544884,7482.58
2019-04-04,46.81489562988281,44.32080033689782,7510.3027
2019-04-05,47.1282844543457,44.39141105409861,7540.3696
2019-04-08,47.86990737915039,45.00641735771719,7573.1343
2019-04-09,47.72636032104492,45.0532726231206,7611.848
2019-04-10,47.99429702758789,45.19845966290182,7652.154
2019-04-11,47.59478759765625,45.19372282680495,7693.7383
2019-04-12,47.57565689086914,45.18847381956513,7731.4497
2019-04-15,47.661781311035156,45.58329434820964,7764.4624
2019-04-16,47.66656494140625,45.5593132647826,7793.2
2019-04-17,48.59476470947265,45.63476133390226,7817.619
2019-04-18,48.769412994384766,45.56117653327365,7844.6587
2019-04-22,48.9296989440918,45.67935483299559,7873.813
2019-04-23,49.63542938232422,45.5873961865376,7904.4653
2019-04-24,49.55888366699219,45.59451155153437,7940.058
2019-04-25,49.109130859375,45.4522074728717,7977.165
2019-04-26,48.87466812133789,45.309711448094205,8010.418
2019-04-29,48.948829650878906,45.29426815135315,8037.617
2019-04-30,48.00626754760742,45.134501204735024,8059.7266
2019-05-01,50.36268615722656,45.075253690009156,8070.28
2019-05-02,50.034934997558594,44.86866527424309,8089.2354
2019-05-03,50.656936645507805,44.66466693136599,8111.303
2019-05-06,49.874645233154304,44.48915524714645,8139.2954
2019-05-07,48.5301856994629,44.28686407483241,8164.689
2019-05-08,48.53974533081055,44.191829690956304,8177.1523
2019-05-09,48.01823043823242,43.95692605584135,8179.6343
2019-05-10,47.35301208496094,43.732749113728936,8170.963
2019-05-13,44.60087585449219,43.55071729567642,8149.776
2019-05-14,45.30692672729492,43.36538527392835,8100.4077
2019-05-15,45.84966278076172,43.29708981289531,8037.9805
2019-05-16,45.64793395996094,43.09860298732965,7973.115
2019-05-17,45.38857650756836,42.92025900849112,7908.249
2019-05-20,43.96928024291993,42.92724252250588,7844.6475
2019-05-21,44.81221008300781,42.81968846159833,7774.625
2019-05-22,43.894840240478516,42.83503001490841,7709.233
2019-05-23,43.14556884765625,42.72496103021003,7643.5566
2019-05-24,42.979862213134766,42.63865848450119,7575.127
2019-05-28,42.802154541015625,42.91796011353292,7506.486
2019-05-29,42.59801483154297,43.02508820539569,7439.4297
2019-05-30,42.818946838378906,43.00325017363038,7374.998
2019-05-31,42.043270111083984,43.0006340942629,7316.903
2019-06-03,41.618202209472656,43.509128011066736,7260.324
2019-06-04,43.1407585144043,43.55421408688108,7204.149
2019-06-05,43.83720016479492,43.71245502571639,7161.699
2019-06-06,44.48079299926758,43.734436121060405,7136.186
2019-06-07,45.66474533081055,43.76851369822116,7128.736
2019-06-10,46.24832534790039,44.348664239078694,7143.2183
2019-06-11,46.783851623535156,44.40706471099168,7177.089
2019-06-12,46.634971618652344,44.574786822832316,7227.1885
2019-06-13,46.6253547668457,44.60343950975715,7285.456
2019-06-14,46.286739349365234,44.642466625435034,7346.619
2019-06-17,46.56291198730469,45.23833402637947,7404.3486
2019-06-18,47.65800476074218,45.305886051965814,7458.737
2019-06-19,47.51871109008789,45.486363863161635,7516.12
2019-06-20,47.90056228637695,45.53220503537276,7572.111
2019-06-21,47.737247467041016,45.593538212225454,7627.353
2019-06-24,47.68922424316406,46.291277653573495,7678.415
2019-06-25,46.966373443603516,46.40488032042003,7723.8267
2019-06-26,47.98220443725586,46.6371581493132,7757.859
2019-06-27,47.967796325683594,46.740055386431806,7789.567
2019-06-28,47.530723571777344,46.86300491936689,7818.2485
2019-07-01,48.402469635009766,47.76326421847449,7840.402
2019-07-02,48.685840606689446,47.946270416581314,7863.3022
2019-07-03,49.08930969238281,48.24661702118299,7887.98
2019-07-05,49.04607391357422,48.59867992599154,7915.9385
2019-07-08,48.03504180908203,49.64156375373869,7944.823
2019-07-09,48.328025817871094,49.85432661331017,7965.7266
2019-07-10,48.80592346191406,50.17370052711442,7981.991
2019-07-11,48.450496673583984,50.34933218449069,7997.701
2019-07-12,48.82274627685547,50.52856354242823,8009.8003
2019-07-15,49.28142547607422,51.482378646174574,8021.507
2019-07-16,49.11091613769531,51.64108461034838,8035.851
2019-07-17,48.83475112915039,51.89523786265957,8050.319
2019-07-18,49.38949966430664,52.076094272237476,8062.2363
2019-07-19,48.6522331237793,52.25167698324625,8075.8315
2019-07-22,49.764122009277344,53.157267928842465,8084.6953
2019-07-23,50.15317153930664,53.29364700249801,8097.842
2019-07-24,50.11235046386718,53.52572195564348,8116.4546
2019-07-25,49.71610641479493,53.60626172401128,8137.964
2019-07-26,49.88900375366211,53.68596640056442,8157.7
2019-07-29,50.354900360107415,54.35013086786973,8176.469
2019-07-30,50.138771057128906,54.427187215004004,8197.097
2019-07-31,51.16180419921875,54.61284277520433,8216.583
2019-08-01,50.05471420288086,54.66084826668583,8241.86
2019-08-02,48.99564743041992,54.722562129037826,8262.16
2019-08-05,46.43083572387695,55.421273418833934,8270.091
2019-08-06,47.30977630615235,55.53791126343491,8249.797
2019-08-07,47.7996940612793,55.7755275738039,8216.257
2019-08-08,48.85395431518555,55.88634299616394,8178.3936
2019-08-09,48.45138168334961,56.01985821734144,8147.0835
2019-08-12,48.328437805175774,56.96517613707286,8119.304
2019-08-13,50.37506103515626,57.16576083273245,8094.5864
2019-08-14,48.87565994262695,57.48351657322252,8088.2437
2019-08-15,48.632179260253906,57.66776923495361,8084.721
2019-08-16,49.779640197753906,57.8651550190469,8081.4663
2019-08-19,50.70773315429688,58.917845533059534,8086.8047
2019-08-20,50.71013259887696,59.11823389832081,8104.9077
2019-08-21,51.259761810302734,59.41456845374352,8131.4536
2019-08-22,51.21637725830079,59.554777517109166,8166.842
2019-08-23,48.849143981933594,59.68451990942167,8206.627
2019-08-26,49.77723693847656,60.38981086692943,8230.285
2019-08-27,49.215553283691406,60.42769839420449,8247.665
2019-08-28,49.545806884765625,60.54012385908395,8255.556
2019-08-29,50.38471221923828,60.476885513019255,8258.618
2019-08-30,50.31962585449219,60.38594657103741,8264.293
2019-09-03,49.58678436279297,60.132970088107314,8271.31
2019-09-04,50.428104400634766,59.985166384267885,8273.718
2019-09-05,51.41404724121094,59.66470459955896,8278.859
2019-09-06,51.40922927856445,59.32339694024317,8293.09
2019-09-09,51.62860107421875,58.619128928487584,8313.366
2019-09-10,52.238494873046875,58.21087974355498,8338.743
2019-09-11,53.8994140625,57.900111627871055,8371.13
2019-09-12,53.77888107299805,57.44289541510927,8419.327
2019-09-13,52.732669830322266,56.993039095800974,8476.001
2019-09-16,53.00989532470703,56.14486478947692,8528.4795
2019-09-17,53.202747344970696,55.75074974908893,8577.362
2019-09-18,53.70174789428711,55.48457664782397,8622.742
2019-09-19,53.26542663574219,55.101264435009426,8667.167
2019-09-20,52.48678207397461,54.75296730846148,8705.725
2019-09-23,52.72543716430663,54.35214206060641,8732.563
2019-09-24,52.474735260009766,54.145059568275535,8751.45
2019-09-25,53.282299041748054,54.09249275159117,8761.982
2019-09-26,53.007484436035156,53.93256429564298,8772.049
2019-09-27,52.74954605102539,53.81370582075475,8779.516
2019-09-30,53.99102783203125,54.10046668345811,8783.006
2019-10-01,54.140483856201165,54.11055617440746,8792.689
2019-10-02,52.783287048339844,54.25062086189588,8807.72
2019-10-03,53.23167037963867,54.26918465400575,8816.057
2019-10-04,54.723846435546875,54.31228575429047,8822.386
2019-10-07,54.73590850830078,54.96821401960121,8837.978
2019-10-08,54.09467697143555,55.05893480478251,8859.809
2019-10-09,54.72867965698242,55.25785709057759,8880.485
2019-10-10,55.46632385253907,55.31388145873379,8903.981
2019-10-11,56.9416389465332,55.37387510904236,8933.889
2019-10-14,56.85968017578124,55.971460554548756,8977.992
2019-10-15,56.72709655761719,56.01291571898096,9029.882
2019-10-16,56.49807357788087,56.151602523482644,9084.036
2019-10-17,56.71744918823243,56.13906643311722,9135.575
2019-10-18,56.98984909057617,56.124917338785174,9184.382
2019-10-21,57.978206634521484,56.49409639699303,9230.952
2019-10-22,57.84563064575195,56.46617926096676,9281.093
2019-10-23,58.621856689453125,56.542838228321855,9330.671
2019-10-24,58.71828079223633,56.477637410200074,9383.369
2019-10-25,59.44147491455078,56.421904824246496,9436.745
2019-10-28,60.03689193725586,56.74485592498469,9493.593
2019-10-29,58.64836502075195,56.72987010894496,9554.867
2019-10-30,58.641132354736335,56.833769446679895,9606.37
2019-10-31,59.966983795166016,56.80964719456979,9648.313
2019-11-01,61.668895721435554,56.80801596236544,9691.246
2019-11-04,62.0738754272461,57.35873264542979,9745.715
2019-11-05,61.98469161987305,57.43603304999887,9809.328
2019-11-06,62.011207580566406,57.637218645976674,9876.154
2019-11-07,62.72689819335937,57.71330748362572,9942.482
2019-11-08,62.898582458496094,57.81270062131052,10010.723
2019-11-11,63.39665603637695,58.650810319822526,10078.546
2019-11-12,63.338603973388665,58.812358071669124,10146.697
2019-11-13,63.94550704956055,59.08927264246212,10211.603
2019-11-14,63.50303268432617,59.231254818555655,10275.74
2019-11-15,64.2574234008789,59.38564728588003,10333.195
2019-11-18,64.5813980102539,60.31703248890772,10388.841
2019-11-19,64.38556671142578,60.48509531582326,10443.172
2019-11-20,63.636016845703125,60.756611943929194,10492.747
2019-11-21,63.35071563720704,60.881904662809646,10531.135
2019-11-22,63.29509735107421,61.009169487816656,10557.59
2019-11-25,64.40489196777344,61.80787377475274,10573.868
2019-11-26,63.90199279785156,61.919055672669906,10590.429
2019-11-27,64.76034545898438,62.12977683912613,10602.951
2019-11-29,64.61769104003906,62.25484293915818,10618.523
2019-12-02,63.870555877685554,62.86753125632984,10634.725
2019-12-03,62.73172760009765,62.922513594582064,10645.197
2019-12-04,63.285423278808594,63.0812643321174,10642.594
2019-12-05,64.21387481689453,63.09606163477602,10634.718
2019-12-06,65.45425415039062,63.11679244481862,10630.371
2019-12-09,64.53790283203125,63.63181462051269,10638.169
2019-12-10,64.91506958007812,63.66271156827402,10647.795
2019-12-11,65.4687728881836,63.80053449223648,10661.108
2019-12-12,65.63558959960938,63.7967002008334,10680.596
2019-12-13,66.52779388427734,63.80013618515221,10704.908
2019-12-16,67.66659545898438,64.26101712016231,10738.21
2019-12-17,67.79959106445312,64.26973805346684,10784.982
2019-12-18,67.63758087158203,64.38179519455748,10840.388
2019-12-19,67.70528411865234,64.34786704160699,10898.242
2019-12-20,67.5650634765625,64.31630805001981,10955.595
2019-12-23,68.66761016845703,64.6401020741163,11008.803
2019-12-24,68.7328872680664,64.5926720484421,11064.703
2019-12-26,70.0965805053711,64.54581194548119,11120.521
2019-12-27,70.06998443603516,64.44725649570633,11183.937
2019-12-30,70.48583984375,64.56755142466082,11249.871
2019-12-31,71.0008544921875,64.45674232045369,11317.763
2020-01-02,72.62084197998047,64.3004183761899,11387.846
2020-01-03,71.91481018066406,64.15943664480703,11468.462
2020-01-06,72.48785400390625,64.22234636174498,11547.856
2020-01-07,72.1469497680664,64.12064167135883,11627.002
2020-01-08,73.3075180053711,64.13898376266364,11699.797
2020-01-09,74.86461639404298,64.0314514466252,11773.335
2020-01-10,75.03386688232422,63.94970351075951,11855.8
2020-01-13,76.6369400024414,64.2930827381633,11942.399
2020-01-14,75.60208892822266,64.31702572444566,12040.141
2020-01-15,75.27806854248048,64.47511942216079,12133.834
2020-01-16,76.22104644775392,64.51972082445468,12217.831
2020-01-17,77.06489562988281,64.60043715211427,12297.971
2020-01-21,76.54261779785156,65.67027573190657,12378.044
2020-01-22,76.81584930419923,66.002720532584,12450.609
2020-01-23,77.18578338623047,66.21496667355848,12516.553
2020-01-24,76.96334838867188,66.4534782656997,12577.5625
2020-01-27,74.70021057128906,67.70578593763928,12630.682
2020-01-28,76.81342315673828,67.99696888072106,12658.781
2020-01-29,78.42131805419922,68.39548025693159,12683.393
2020-01-30,78.30767059326172,68.64869396369045,12716.658
2020-01-31,74.83560943603517,68.90163930720102,12754.156
2020-02-03,74.63008880615234,70.03028127912653,12767.133
2020-02-04,77.09388732910158,70.22433471081098,12760.168
2020-02-05,77.72254943847656,70.49883354591398,12757.601
2020-02-06,78.63167572021486,70.60250348568864,12763.317
2020-02-07,77.5628662109375,70.68217550326801,12781.867
2020-02-10,77.93124389648439,71.17273435061907,12801.025
2020-02-11,77.46109008789062,71.12445359635605,12822.508
2020-02-12,79.3005828857422,71.14738466204625,12841.122
2020-02-13,78.73587799072267,70.99390184199062,12870.551
2020-02-14,78.7552719116211,70.81459491933008,12902.259
2020-02-18,77.31321716308595,70.27804067955164,12934.278
2020-02-19,78.43293762207031,70.08850164804828,12954.151
2020-02-20,77.62828826904297,69.74193788600529,12972.611
2020-02-21,75.87116241455078,69.39168389274968,12983.168
2020-02-24,72.26725769042969,68.77395961655319,12974.334
2020-02-25,69.81942749023438,68.43415391862541,12924.78
2020-02-26,70.92700958251953,68.21167936437541,12829.626
2020-02-27,66.29064178466797,67.86214676441728,12714.237
2020-02-28,66.2518539428711,67.53860219193112,12555.172
2020-03-02,72.41995239257812,67.16959773418824,12371.8545
2020-03-03,70.11994934082031,66.96372066978468,12225.823
2020-03-04,73.3724365234375,66.89721295769594,12097.087
2020-03-05,70.99243927001953,66.72316022425075,12011.365
2020-03-06,70.0496597290039,66.59185718065393,11943.213
2020-03-09,64.50928497314453,66.87036282244394,11883.62
2020-03-10,69.15533447265625,66.89361674149521,11791.158
2020-03-11,66.75355529785156,67.05774093203374,11713.077
2020-03-12,60.16131210327149,67.11284541825765,11630.941
2020-03-13,67.369140625,67.2063915798398,11500.28
2020-03-16,58.70231246948243,68.10825895016738,11393.6455
2020-03-17,61.283447265625,68.31502740144332,11245.075
2020-03-18,59.78323364257813,68.64763211789132,11091.874
2020-03-19,59.32517623901368,68.85490517319249,10931.284
2020-03-20,55.55888366699218,69.08334871948263,10769.375
2020-03-23,54.378578186035156,70.28141656111575,10586.099
2020-03-24,59.83413314819336,70.55063476240768,10386.871
2020-03-25,59.50452423095703,70.92817572959503,10225.385
2020-03-26,62.63582229614258,71.16361090414432,10096.556
2020-03-27,60.042560577392585,71.40438257081823,10020.424
2020-03-30,61.75605773925781,72.55614308153739,9966.842
2020-03-31,61.630027770996094,72.78659121686165,9944.135
2020-04-01,58.38724136352539,73.11604950971227,9943.44
2020-04-02,59.36152648925781,73.29551469294773,9934.135
2020-04-03,58.5084114074707,73.47381870435255,9925.388
2020-04-06,63.6125602722168,74.41199291199003,9910.65
2020-04-07,62.87576675415039,74.5662687354069,9929.634
2020-04-08,64.48506164550781,74.81862674121044,9966.919
2020-04-09,64.95037841796875,74.9207893365356,10027.572
2020-04-13,66.22520446777344,75.73548759864931,10105.765
2020-04-14,69.5698013305664,75.81735346876378,10202.378
2020-04-15,68.93479919433594,75.9985747203498,10332.631
2020-04-16,69.48253631591797,76.03074149356027,10476.627
2020-04-17,68.53974914550781,76.06307084546228,10627.8125
2020-04-20,67.1170883178711,76.57250130370181,10769.976
2020-04-21,65.0424575805664,76.58667223497662,10888.143
2020-04-22,66.91592407226562,76.6999903993788,10967.749
2020-04-23,66.65657806396484,76.74792828829816,11029.628
2020-04-24,68.58094024658203,76.79564208768285,11074.168
2020-04-27,68.62943267822266,77.34973088154193,11118.853
2020-04-28,67.5169906616211,77.37905817536254,11162.485
2020-04-29,69.73458862304688,77.5083049351429,11195.488
2020-04-30,71.20571899414062,77.48946228734677,11236.069
2020-05-01,70.0593490600586,77.47230866438107,11291.612
2020-05-04,71.05060577392578,77.85042339846242,11347.215
2020-05-05,72.11699676513672,77.82990808855224,11407.7705
2020-05-06,72.86104583740234,77.91506709642168,11477.168
2020-05-07,73.61477661132812,77.85868216296802,11555.424
2020-05-08,75.3669662475586,77.81127997737019,11642.189
2020-05-11,76.5528793334961,78.14881168685221,11744.264
2020-05-12,75.67802429199219,78.13312520785864,11861.692
2020-05-13,74.76426696777344,78.23280093861506,11978.313
2020-05-14,75.22356414794922,78.20071330381433,12081.988
2020-05-15,74.77884674072266,78.18732671871201,12174.772
2020-05-18,76.5407180786133,78.68220176719923,12252.024
2020-05-19,76.09842681884766,78.73560822586855,12327.745
2020-05-20,77.57839965820312,78.91144003132487,12395.788
2020-05-21,77.00001525878908,78.9616221512975,12466.461
2020-05-22,77.49578094482422,79.03556399699511,12531.712
2020-05-26,76.97085571289064,79.96018648493424,12593.944
2020-05-27,77.30622100830078,80.23070520114811,12647.343
2020-05-28,77.3402557373047,80.3733957294488,12694.52
2020-05-29,77.26493072509767,80.53655453125396,12735.425
2020-06-01,78.21512603759766,81.55044194507651,12769.486
2020-06-02,78.57722473144531,81.76670660608222,12804.316
2020-06-03,79.00975799560548,82.09740899721055,12841.011
2020-06-04,78.32933807373047,82.29304038212496,12880.794
2020-06-05,80.56023406982423,82.50183316792366,12915.991
2020-06-08,81.03653717041017,83.61090542031532,12963.062
2020-06-09,83.59549713134764,83.8465734363264,13020.287
2020-06-10,85.7462158203125,84.19169830743924,13101.559
2020-06-11,81.62950134277344,84.39767632858744,13212.834
2020-06-12,82.33424377441406,84.6137431454183,13309.7705
2020-06-15,83.35248565673828,85.737122471281,13396.821
2020-06-16,85.56150817871094,85.97877947582901,13480.113
2020-06-17,85.44242858886719,86.33229879086149,13573.448
2020-06-18,85.47647094726561,86.5500487126074,13668.974
2020-06-19,84.98799896240234,86.782125589775,13762.014
2020-06-22,87.21160888671875,87.98536959867711,13845.309
2020-06-23,89.07310485839844,88.26551642422544,13934.492
2020-06-24,87.50080108642578,88.66359644331753,14038.02
2020-06-25,88.66242980957033,88.9317471795409,14135.48
2020-06-26,85.93820190429688,89.21962360507753,14232.853
2020-06-29,87.91877746582031,90.61524698988163,14305.097
2020-06-30,88.65269470214845,90.96448123496869,14370.741
2020-07-01,88.4850082397461,91.43207394051427,14434.22
2020-07-02,88.4850082397461,91.76876382636877,14492.148
2020-07-06,90.85198974609375,93.68720580176434,14543.588
2020-07-07,90.57012176513672,94.07815099178987,14606.008
2020-07-08,92.67951965332031,94.57803012326393,14671.588
2020-07-09,93.0780487060547,94.93651509212913,14752.538
2020-07-10,93.24086761474608,95.30092155743972,14844.005
2020-07-13,92.81073760986328,96.82314497664291,14940.14
2020-07-14,94.34658813476562,97.1750117216299,15031.887
2020-07-15,94.99544525146484,97.62375299168563,15127.737
2020-07-16,93.82653045654295,97.91972293340963,15226.986
2020-07-17,93.63699340820312,98.21119069193665,15315.251
2020-07-20,95.61029052734375,99.46530451826553,15390.002
2020-07-21,94.29068756103516,99.71684556701749,15466.449
2020-07-22,94.55559539794922,100.06293361865973,15530.689
2020-07-23,90.25176239013672,100.25597652192745,15585.27
2020-07-24,90.0281753540039,100.44634260714487,15597.815
2020-07-27,92.16187286376953,101.42874207111285,15577.8
2020-07-28,90.64788818359376,101.60665263916333,15551.472
2020-07-29,92.38545989990234,101.8903804968473,15510.719
2020-07-30,93.50331115722656,102.0336741478685,15474.992
2020-07-31,103.29208374023438,102.18795983993861,15453.376
2020-08-03,105.89476013183594,103.14981553516526,15517.305
2020-08-04,106.60196685791016,103.35022071893127,15660.425
2020-08-05,106.98835754394531,103.67023708075443,15859.862
2020-08-06,110.72110748291016,103.86252670082071,16093.329
2020-08-07,108.20376586914062,104.07707189710908,16368.114
2020-08-10,109.77648162841798,105.26802183563018,16640.021
2020-08-11,106.51174926757812,105.55311938684964,16908.273
2020-08-12,110.05160522460938,105.95758470138881,17135.719
2020-08-13,111.9992446899414,106.23123675983638,17349.559
2020-08-14,111.8994140625,106.52116557516219,17558.178
2020-08-17,111.60728454589844,107.87407049351621,17752.693
2020-08-18,112.53727722167969,108.18296274518008,17925.988
2020-08-19,112.67848205566406,108.5922740366756,18083.209
2020-08-20,115.17875671386717,108.8499577387632,18222.834
2020-08-21,121.11420440673827,109.10160721056216,18362.62
2020-08-24,122.5627670288086,110.19719954508946,18541.48
2020-08-25,121.55728912353516,110.3722735410024,18751.518
2020-08-26,123.21035766601562,110.62467445598729,18966.848
2020-08-27,121.73746490478516,110.70364350035075,19188.443
2020-08-28,121.54026794433595,110.75653049510126,19392.629
2020-08-31,125.66193389892578,111.15952666499234,19572.984
2020-09-01,130.66741943359375,111.08146994962823,19758.879
2020-09-02,127.96016693115234,111.07526327539509,19977.975
2020-09-03,117.71558380126953,110.89385271778144,20190.11
2020-09-04,117.7934799194336,110.68840339455683,20309.357
2020-09-08,109.86656188964844,110.07642608222349,20357.03
2020-09-09,114.24878692626953,109.86953672536977,20290.38
2020-09-10,110.51903533935547,109.5105380033716,20178.863
2020-09-11,109.06803131103516,109.15314018925076,20012.322
2020-09-14,112.34007263183594,108.5483233265573,19804.281
2020-09-15,112.51535797119139,108.22465949077386,19601.941
2020-09-16,109.19462585449219,108.02417042342938,19415.324
2020-09-17,107.45148468017578,107.70223925182616,19224.473
2020-09-18,104.04310607910156,107.41155415417487,19026.854
2020-09-21,107.19829559326172,107.16709477289888,18807.93
2020-09-22,108.88301849365234,107.00886977414892,18607.838
2020-09-23,104.31578063964844,106.99151330098039,18443.354
2020-09-24,105.38699340820312,106.86700342057085,18277.746
2020-09-25,109.34069824218749,106.78443587201205,18127.111
2020-09-28,111.95053100585938,107.1913329843057,18023.906
2020-09-29,111.10331726074219,107.24694844735909,17979.309
2020-09-30,112.77828979492188,107.43596708167645,17972.54
2020-10-01,113.73264312744139,107.50720469573868,18005.69
2020-10-02,110.06133270263672,107.60690397971263,18072.74
2020-10-05,113.45022583007812,108.45687130084218,18132.613
2020-10-06,110.19766998291016,108.62014403017716,18209.56
2020-10-07,112.06740570068361,108.89524116979908,18269.846
2020-10-08,111.96028900146484,109.03076268144534,18329.154
2020-10-09,113.90794372558594,109.17321130996469,18383.824
2020-10-12,121.14344787597656,110.03152039866389,18447.334
2020-10-13,117.92980194091797,110.16270513017298,18569.197
2020-10-14,118.0174560546875,110.39167469567204,18703.133
2020-10-15,117.5500259399414,110.46946049609703,18840.283
2020-10-16,115.90425109863281,110.54517547853301,18969.441
2020-10-19,112.94384002685547,111.17671635390461,19073.967
2020-10-20,114.43380737304689,111.23257726751754,19133.111
2020-10-21,113.81055450439453,111.39068521885353,19168.092
2020-10-22,112.71986389160156,111.4044069288005,19179.32
2020-10-23,112.02845001220703,111.42494295919704,19164.984
2020-10-26,112.03816223144531,111.96056654719177,19128.074
2020-10-27,113.54761505126953,112.01136792393166,19077.098
2020-10-28,108.28897094726564,112.17879882236296,19030.268
2020-10-29,112.30111694335938,112.21621380670003,18949.041
2020-10-30,106.0102310180664,112.27443226892598,18877.748
2020-11-02,105.92258453369142,112.99813619915506,18769.24
2020-11-03,107.54888153076172,113.1321972931813,18638.734
2020-11-04,111.9408187866211,113.39034950739497,18510.848
2020-11-05,115.91400146484375,113.5239926945434,18424.328
2020-11-06,115.78231811523438,113.68188849124563,18402.082
2020-11-09,113.47037506103516,114.70431411411985,18426.535
2020-11-10,113.12895202636719,114.93106665521942,18465.959
2020-11-11,116.56272125244139,115.27536204187756,18511.271
2020-11-12,116.28955841064455,115.48699688253791,18584.139
2020-11-13,116.33834838867188,115.71335464221383,18670.842
2020-11-16,117.35286712646483,116.87411824488719,18763.479
2020-11-17,116.46514129638672,117.0427258109508,18863.355
2020-11-18,115.13848114013672,117.31655023851827,18956.686
2020-11-19,115.73353576660156,117.44568504601234,19030.605
2020-11-20,114.46537017822266,117.578073059079,19091.42
2020-11-23,111.0608673095703,118.39710110759648,19130.207
2020-11-24,112.34854888916016,118.51578791198597,19125.521
2020-11-25,113.18746948242188,118.7339410464744,19099.738
2020-11-27,113.73374938964844,118.8727442964537,19066.508
2020-11-30,116.13349914550781,119.50065760676996,19034.033
2020-12-01,119.71358489990234,119.55886416010173,19022.285
2020-12-02,120.06477355957033,119.71986151725693,19053.518
2020-12-03,119.92819213867189,119.73595914870465,19117.191
2020-12-04,119.25509643554688,119.75711452810391,19200.307
2020-12-07,120.7183609008789,120.26937021983713,19288.191
2020-12-08,121.33290100097656,120.29853679381227,19386.145
2020-12-09,118.7966079711914,120.43453953921679,19490.992
2020-12-10,120.22083282470703,120.42899611403807,19576.307
2020-12-11,119.41119384765624,120.43103257082981,19654.184
2020-12-14,118.7966079711914,120.89136676676476,19716.629
2020-12-15,124.74717712402344,120.9016077602176,19760.375
2020-12-16,124.67887878417969,121.01620026593629,19833.887
2020-12-17,125.54707336425781,120.985863483916,19924.871
2020-12-18,123.55705261230469,120.95894879763046,20031.072
2020-12-21,125.0886001586914,121.30227001169831,20128.092
2020-12-22,128.64920043945312,121.26274224113176,20225.527
2020-12-23,127.75172424316406,121.32240548558387,20345.506
2020-12-24,128.73699951171875,121.23247869023578,20469.076
2020-12-28,133.34132385253906,121.28224038885922,20596.928
2020-12-29,131.56590270996094,121.17541488208444,20756.623
2020-12-30,130.44412231445312,121.17069441846621,20917.947
2020-12-31,129.4393310546875,121.02108183621121,21064.29
2021-01-04,126.23970794677736,120.91540283987436,21185.084
2021-01-05,127.8005142211914,120.79911135576268,21257.305
2021-01-06,123.49851989746094,120.799634450194,21303.166
2021-01-07,127.71268463134764,120.67108446489686,21295.21
2021-01-08,128.81500244140625,120.5652227859395,21281.564
2021-01-11,125.8202133178711,120.81975003281647,21272.98
2021-01-12,125.64464569091797,120.80959371352984,21246.297
2021-01-13,127.68342590332031,120.93201040621229,21207.123
2021-01-14,125.75193786621094,120.93983401896345,21176.514
2021-01-15,124.02528381347656,120.9831904511428,21138.992
2021-01-19,124.69840240478516,121.90905965646857,21085.49
2021-01-20,128.79551696777344,122.20978067650587,21028.242
2021-01-21,133.51695251464844,122.3931383134327,21002.074
2021-01-22,135.66305541992188,122.60611220304709,21035.246
2021-01-25,139.41873168945312,123.80632826723667,21125.857
2021-01-26,139.65284729003906,124.08948164652304,21281.904
2021-01-27,138.5797882080078,124.48502748873834,21478.947
2021-01-28,133.73153686523438,124.69778012232126,21687.37
2021-01-29,128.7272491455078,124.91547191169654,21856.477
2021-02-01,130.8538055419922,125.9685432342485,21950.676
2021-02-02,131.6829833984375,126.14668068870135,22002.389
2021-02-03,130.6587371826172,126.4092992894582,22027.047
2021-02-04,134.024169921875,126.5046514783963,22023.633
2021-02-05,133.60899353027344,126.5790305563432,22026.352
2021-02-08,133.75552368164062,127.06571809906315,22030.537
2021-02-09,132.87623596191406,127.01792337412532,22037.307
2021-02-10,132.27053833007812,127.04106725542636,22039.283
2021-02-11,132.0165557861328,126.88682373915742,22033.38
2021-02-12,132.25100708007812,126.70509712229799,22020.297
2021-02-16,130.1212158203125,126.12973199522484,22004.512
2021-02-17,127.82537078857422,125.92050955057347,21971.441
2021-02-18,126.72144317626953,125.54941592065697,21910.307
2021-02-19,126.87772369384766,125.1694905100666,21823.654
2021-02-22,123.09690856933594,124.43021190249186,21724.074
2021-02-23,122.96012878417969,124.03890763529981,21591.412
2021-02-24,122.46188354492189,123.75958972972349,21440.64
2021-02-25,118.20233154296875,123.348077778166,21280.36
2021-02-26,118.46610260009766,122.95770102384104,21088.822
2021-03-01,124.84565734863281,122.36288736311246,20886.273
2021-03-02,122.23719787597656,122.07483818738962,20733.746
2021-03-03,119.24766540527344,121.92357612473738,20604.768
2021-03-04,117.36214447021484,121.66274823811077,20476.588
2021-03-05,118.62242126464844,121.44322308521456,20340.676
2021-03-08,113.67901611328125,121.45409334168829,20214.883
2021-03-09,118.30001831054686,121.38897434936123,20064.537
2021-03-10,117.21560668945312,121.46599086068906,19938.582
2021-03-11,119.14998626708986,121.43570316233436,19827.586
2021-03-12,118.24140930175781,121.44597584884514,19747.332
2021-03-15,121.13321685791016,122.11396751850219,19685.998
2021-03-16,122.67680358886717,122.2488832873438,19662.977
2021-03-17,121.88545989990234,122.51293628705892,19680.064
2021-03-18,117.7529296875,122.65501979142863,19718.99
2021-03-19,117.22537231445312,122.82164145579763,19740.082
2021-03-22,120.54703521728516,123.85374525241537,19742.873
2021-03-23,119.71662139892578,124.07368775654115,19757.068
2021-03-24,117.32305145263673,124.40465795121352,19772.223
2021-03-25,117.8115463256836,124.5959952963805,19769.22
2021-03-26,118.41727447509766,124.79489177331519,19757.01
2021-03-29,118.5931167602539,125.83172266523808,19743.293
2021-03-30,117.13746643066406,126.02654456499063,19730.562
2021-03-31,119.33560180664062,126.32129683488064,19708.234
2021-04-01,120.166015625,126.46674529959012,19696.88
2021-04-05,122.99920654296875,127.45020630238521,19700.29
2021-04-06,123.30204772949219,127.57125450300438,19735.803
2021-04-07,124.953125,127.79019679658147,19795.076
2021-04-08,127.3564224243164,127.85870325343969,19881.186
2021-04-09,129.93560791015625,127.92615736093565,20000.594
2021-04-12,128.2161407470703,128.53613202612178,20157.633
2021-04-13,131.33265686035156,128.58311945966904,20320.922
2021-04-14,128.9879608154297,128.72932203167346,20504.336
2021-04-15,131.40106201171875,128.72638296380399,20675.127
2021-04-16,131.0688934326172,128.72357215777328,20846.828
2021-04-19,131.7332000732422,129.12782040149952,21008.072
2021-04-20,130.0430908203125,129.10710600227716,21159.1
2021-04-21,130.4241180419922,129.1856385598295,21282.68
2021-04-22,128.90003967285156,129.11486290262016,21383.686
2021-04-23,131.22520446777344,129.04390604861453,21452.168
2021-04-26,131.61598205566406,129.2415686716979,21512.01
2021-04-27,131.2935791015625,129.15163319243186,21565.94
2021-04-28,130.5022430419922,129.16119166766083,21611.03
2021-04-29,130.404541015625,129.02209683929038,21641.957
2021-04-30,128.4311065673828,128.88398018899932,21660.797
2021-05-03,129.4862060546875,128.89342053162872,21655.256
2021-05-04,124.9042739868164,128.7475896857995,21640.762
2021-05-05,125.14852142333984,128.70599324940954,21585.834
2021-05-06,126.750732421875,128.52129666393165,21506.771
2021-05-07,127.42600250244139,128.34392918348522,21426.357
2021-05-10,124.13780975341797,128.28101739968773,21354.117
2021-05-11,123.2179183959961,128.12825853897638,21266.578
2021-05-12,120.14505004882811,128.0891008800278,21165.578
2021-05-13,122.29800415039062,127.91648445312006,21036.43
2021-05-14,124.72498321533203,127.76096880771387,20909.646
2021-05-17,123.57021331787108,127.82121810207519,20808.902
2021-05-18,122.1805648803711,127.72757775977448,20723.049
2021-05-19,122.02400207519531,127.75561303052274,20641.65
2021-05-20,124.58797454833984,127.6574713629435,20566.066
2021-05-21,122.74815368652344,127.5827921725737,20517.496
2021-05-24,124.38246154785156,127.91298851742967,20476.504
2021-05-25,124.18673706054688,127.91454153290584,20455.229
2021-05-26,124.13780975341797,128.0383157829655,20447.367
2021-05-27,122.60140228271483,128.03522283551814,20448.977
2021-05-28,121.94571685791017,128.05370424103492,20445.432
2021-06-01,121.62277221679688,128.718043334578,20433.158
2021-06-02,122.3860855102539,128.91068255404224,20412.51
2021-06-03,120.8985824584961,128.9695521593311,20392.494
2021-06-04,123.19834899902345,129.04279842425302,20362.531
2021-06-07,123.20812988281249,129.75122181183357,20344.385
2021-06-08,124.03016662597656,129.8547820411273,20335.64
2021-06-09,124.41183471679686,130.0681973709961,20340.45
2021-06-10,123.41363525390625,130.14265422394732,20357.68
2021-06-11,124.62710571289062,130.22717542379314,20375.432
2021-06-14,127.69022369384766,130.95372254590683,20401.865
2021-06-15,126.86815643310545,131.06175454401478,20456.37
2021-06-16,127.36727905273438,131.33951127851623,20522.111
2021-06-17,128.97218322753906,131.4804579383956,20596.59
2021-06-18,127.67061614990233,131.6346127448073,20685.791
2021-06-21,129.4713134765625,132.59715359951448,20771.236
2021-06-22,131.1153564453125,132.79487480488712,20863.492
2021-06-23,130.84133911132812,133.10959237100167,20968.494
2021-06-24,130.5575714111328,133.29359537291032,21075.482
2021-06-25,130.2639923095703,133.49672417595286,21176.617
2021-06-28,131.89828491210938,134.63677868265432,21266.42
2021-06-29,133.4151153564453,134.9012418669151,21356.154
2021-06-30,134.0316619873047,135.28473284698995,21453.002
2021-07-01,134.3350372314453,135.53827002325465,21555.08
2021-07-02,136.96754455566406,135.81031660883468,21658.432
2021-07-06,138.9834442138672,137.4549808969549,21777.781
2021-07-07,141.47898864746094,137.88235281625103,21918.104
2021-07-08,140.17739868164062,138.1706393455998,22085.67
2021-07-09,142.00741577148438,138.46719392556062,22254.764
2021-07-12,141.41043090820312,139.79954628184183,22430.701
2021-07-13,142.52606201171875,140.0922917981511,22598.21
2021-07-14,145.96102905273438,140.48367410216096,22759.992
2021-07-15,145.3053436279297,140.72378448278076,22935.69
2021-07-16,143.260009765625,140.96058933461097,23107.723
2021-07-19,139.40426635742188,142.05440349050147,23253.516
2021-07-20,143.02517700195312,142.2524763740041,23344.402
2021-07-21,142.2911834716797,142.54442594674026,23419.252
2021-07-22,143.66123962402344,142.68227527717545,23473.22
2021-07-23,145.38365173339844,142.81602570185117,23520.502
2021-07-26,145.80447387695312,143.6168342804399,23573.994
2021-07-27,143.6318817138672,143.72944142775515,23632.81
2021-07-28,141.8801727294922,143.94518192003662,23676.504
2021-07-29,142.52606201171875,144.01771757085925,23694.352
2021-07-30,142.74134826660156,144.09845516724695,23697.846
2021-08-02,142.40866088867188,144.8237798411043,23692.484
2021-08-03,144.20932006835938,144.9406783938362,23678.67
2021-08-04,143.80804443359375,145.17533864907767,23673.27
2021-08-05,143.9156951904297,145.28080183976962,23671.152
2021-08-06,143.22964477539062,145.40748026686296,23672.506
2021-08-09,143.18064880371094,146.3334666928491,23671.156
2021-08-10,142.70040893554688,146.5315369231684,23667.598
2021-08-11,142.95521545410156,146.85051777490384,23658.951
2021-08-12,145.9248809814453,147.040754028302,23649.004
2021-08-13,146.1306915283203,147.24983682251045,23660.965
2021-08-16,148.1104736328125,148.3800207814198,23689.416
2021-08-17,147.19900512695312,148.62246584384633,23743.318
2021-08-18,143.44528198242188,148.96964841616915,23805.799
2021-08-19,143.7784881591797,149.1696561131795,23843.057
2021-08-20,145.23883056640625,149.36812963330163,23862.996
2021-08-23,146.72854614257812,150.3303119636315,23880.264
2021-08-24,146.6403350830078,150.46887622846438,23905.877
2021-08-25,145.40541076660156,150.72284026978105,23935.582
2021-08-26,144.60179138183594,150.80629066308018,23957.623
2021-08-27,145.64065551757812,150.86603590868322,23967.19
2021-08-30,150.0706329345703,151.29763766180454,23975.234
2021-08-31,148.8063201904297,151.2295265338214,24015.12
2021-09-01,149.47280883789062,151.23228820883017,24066.15
2021-09-02,150.590087890625,151.05815880482425,24128.006
2021-09-03,151.22714233398438,150.85761283384082,24202.908
2021-09-07,153.56954956054688,150.22908942521227,24288.137
2021-09-08,152.02101135253906,150.01489308070754,24394.107
2021-09-09,151.00172424316406,149.64318743027536,24497.816
2021-09-10,146.00328063964844,149.26746147722295,24587.25
2021-09-13,146.5717315673828,148.57320954737466,24624.342
2021-09-14,145.1702117919922,148.20851254649213,24626.79
2021-09-15,146.06207275390625,147.96175583712534,24593.58
2021-09-16,145.82687377929688,147.58868589602298,24543.52
2021-09-17,143.15121459960938,147.24243603952496,24482.273
2021-09-20,140.0933837890625,146.81019725734993,24396.264
2021-09-21,140.57359313964844,146.584432645535,24274.209
2021-09-22,142.94541931152344,146.49818802438924,24136.28
2021-09-23,143.9058837890625,146.30413756230934,24011.598
2021-09-24,143.99411010742188,146.15206753598613,23909.752
2021-09-27,142.47496032714844,146.35722041910807,23830.111
2021-09-28,139.0838623046875,146.34980777114288,23758.924
2021-09-29,139.98556518554688,146.47874524128736,23671.695
2021-09-30,138.6820526123047,146.4932434968667,23583.96
2021-10-01,139.80914306640625,146.53985838176942,23489.873
2021-10-04,136.36904907226562,147.25432098020883,23404.23
2021-10-05,138.2998046875,147.38049966170306,23302.611
2021-10-06,139.172119140625,147.62239875198273,23209.182
2021-10-07,140.43641662597656,147.72840926903493,23132.434
2021-10-08,140.0541534423828,147.8447506905601,23080.871
2021-10-11,139.96597290039062,148.6413950167344,23046.912
2021-10-12,138.69183349609375,148.7560824689489,23026.53
2021-10-13,138.10382080078125,148.96975648616092,23007.06
2021-10-14,140.8970184326172,149.03292974302167,22984.57
2021-10-15,141.95556640625,149.0941986772286,22981.875
2021-10-18,143.6314697265625,149.6785159448104,23001.176
2021-10-19,145.79747009277344,149.71588160872275,23047.91
2021-10-20,146.2875213623047,149.8535054943298,23128.268
2021-10-21,146.5031280517578,149.8444740262752,23232.33
2021-10-22,145.72885131835938,149.8397733041366,23349.795
2021-10-25,145.67987060546875,150.28368934018116,23465.041
2021-10-26,146.34632873535156,150.29857762230012,23572.496
2021-10-27,145.88571166992188,150.42758875981895,23673.938
2021-10-28,149.53158569335938,150.42427105788374,23762.486
2021-10-29,146.81675720214844,150.43969260012398,23865.055
2021-11-01,145.9934844970703,151.02576836422182,23951.996
2021-11-02,147.03240966796875,151.112081555548,24017.744
2021-11-03,148.4730987548828,151.3221986876778,24073.043
2021-11-04,147.95367431640625,151.40791501311534,24129.047
2021-11-05,148.48367309570312,151.5183778724908,24179.027
2021-11-08,147.65921020507812,152.4049895840844,24226.55
2021-11-09,148.0223388671875,152.5896385708202,24263.898
2021-11-10,145.18577575683594,152.89381054086715,24295.094
2021-11-11,145.13670349121094,153.06746549182012,24299.025
2021-11-12,147.21749877929688,153.2580964108625,24283.234
2021-11-15,147.2273406982422,154.32547161247004,24269.78
2021-11-16,148.20884704589844,154.54740529011815,24258.703
2021-11-17,150.65284729003906,154.87655941695422,24257.523
2021-11-18,154.95187377929688,155.06283948901265,24281.967
2021-11-19,157.58233642578125,155.25396683404594,24355.84
2021-11-22,158.0436248779297,156.25621434283704,24481.059
2021-11-23,158.4264373779297,156.43739310361693,24640.209
2021-11-24,158.94664001464844,156.7182879844153,24818.486
2021-11-26,153.91146850585938,156.982302387806,25005.178
2021-11-29,157.27804565429688,157.79418176758833,25150.387
2021-11-30,162.24453735351562,157.91207315647378,25284.25
2021-12-01,161.7243194580078,158.13179704904945,25440.0
2021-12-02,160.73297119140625,158.20564221121631,25599.451
2021-12-03,158.8484649658203,158.2835872189476,25746.646
2021-12-06,162.26414489746094,158.96125397552368,25863.92
2021-12-07,168.01583862304688,159.04433399794166,25979.918
2021-12-08,171.84375,159.23391760600998,26132.002
2021-12-09,171.3333435058594,159.28181555785758,26330.605
2021-12-10,176.13294982910156,159.33735414156598,26548.738
2021-12-13,172.49154663085938,159.96051040075244,26805.959
2021-12-14,171.10758972167972,160.02637853704306,27050.393
2021-12-15,175.98574829101562,160.19750631704173,27263.662
2021-12-16,169.07583618164062,160.22470346948538,27480.262
2021-12-17,167.97659301757812,160.25637254044167,27636.23
2021-12-20,166.61227416992188,160.78159647259415,27734.389
2021-12-21,169.79237365722656,160.80447335422616,27776.518
2021-12-22,172.3934020996094,160.92717157795138,27800.82
2021-12-23,173.02154541015625,160.90069241087878,27830.498
2021-12-27,176.9967041015625,161.20281045614442,27867.482
2021-12-28,175.97592163085938,161.15711321300608,27937.816
2021-12-29,176.06430053710935,161.21205418413624,28020.635
2021-12-30,174.90609741210938,161.12029838857873,28109.33
2021-12-31,174.2877349853516,161.0324514293474,28189.164
2022-01-03,178.64561462402344,161.22201264237597,28254.22
2022-01-04,176.37835693359375,161.15037814507926,28337.69
2022-01-05,171.68670654296878,161.1923776900114,28412.602
2022-01-06,168.8206787109375,161.1020741318428,28443.521
2022-01-07,168.9875335693359,161.03124541147918,28421.059
2022-01-10,169.0072021484375,161.3727909994291,28363.254
2022-01-11,171.84375,161.21128177954853,28283.273
2022-01-12,172.2854156494141,161.18024281368267,28212.71
2022-01-13,169.0072021484375,161.03292135140927,28155.51
2022-01-14,169.87091064453122,160.91990843996376,28086.725
2022-01-18,166.66136169433594,161.21870159393504,28020.172
2022-01-19,163.1573486328125,161.3651115618961,27934.5
2022-01-20,161.4691162109375,161.39630183262008,27813.893
2022-01-21,159.40797424316406,161.4598089274308,27662.117
2022-01-24,158.63255310058594,162.23285638310952,27480.295
2022-01-25,156.82655334472656,162.38212027140946,27280.414
2022-01-26,156.73822021484375,162.64857890791376,27064.098
2022-01-27,156.27688598632812,162.7799412255817,26846.264
2022-01-28,167.1815643310547,162.92140138836575,26634.602
2022-01-31,171.5492706298828,163.77678650583223,26518.979
2022-02-01,171.38243103027344,163.8989391591169,26509.006
2022-02-02,172.5897064208984,164.1100976295373,26573.742
2022-02-03,169.70404052734372,164.15813271320357,26697.445
2022-02-04,169.4190368652344,164.18888185837756,26834.832
2022-02-07,168.70162963867188,164.56130090194165,26972.537
2022-02-08,171.81698608398438,164.47887648445266,27097.426
2022-02-09,173.24198913574216,164.46799509503208,27229.615
2022-02-10,169.15370178222656,164.27962906443392,27370.27
2022-02-11,165.73370361328125,164.06298056470598,27479.395
2022-02-14,165.96954345703125,163.66356887485307,27535.83
2022-02-15,169.81214904785156,163.32655313002613,27554.092
2022-02-16,169.57627868652347,163.06870080319598,27572.828
2022-02-17,165.96954345703125,162.64461026998194,27589.023
2022-02-18,164.41676330566406,162.20692782227368,27576.42
2022-02-22,161.4881591796875,160.79265894208405,27533.23
2022-02-23,157.31138610839844,160.4287324352167,27448.918
2022-02-24,159.93539428710938,159.92722716671793,27308.875
2022-02-25,162.0089874267578,159.44166170019156,27156.2
2022-02-28,162.27432250976562,158.5331018180126,27017.156
2022-03-01,160.3874053955078,158.13239271280472,26896.8
2022-03-02,163.6894989013672,157.86521977194423,26781.982
2022-03-03,163.36521911621094,157.4857615524568,26701.713
2022-03-04,160.35794067382812,157.14544334007581,26647.166
2022-03-07,156.55465698242188,156.78668884834786,26591.285
2022-03-08,154.72671508789062,156.59784081692038,26508.906
2022-03-09,160.14175415039062,156.55177380020524,26398.01
2022-03-10,155.78811645507812,156.39954857035625,26312.39
2022-03-11,152.06336975097656,156.28949084896522,26215.72
2022-03-14,148.02423095703125,156.6100307747727,26088.691
2022-03-15,152.4171905517578,156.63467259914975,25916.135
2022-03-16,156.83966064453125,156.79159438179727,25752.57
2022-03-17,157.85191345214844,156.82982333776658,25635.896
2022-03-18,161.15399169921875,156.8959426494397,25565.924
2022-03-21,162.52984619140625,157.64658164739305,25557.68
2022-03-22,165.9105682373047,157.69238247269286,25603.979
2022-03-23,167.276611328125,157.85217006115732,25711.982
2022-03-24,171.07009887695312,157.8750840797031,25868.268
2022-03-25,171.70887756347656,157.90809014598307,26079.057
2022-03-28,172.57371520996094,158.45992364077637,26322.123
2022-03-29,175.87583923339847,158.49642227809886,26582.014
2022-03-30,174.70632934570312,158.63408293127372,26864.89
2022-03-31,171.60079956054688,158.62342047785933,27140.475
2022-04-01,171.3059539794922,158.61282095493465,27373.941
2022-04-04,175.3647918701172,158.98784811775127,27563.82
2022-04-05,172.04302978515625,158.9545926593168,27743.316
2022-04-06,168.8686981201172,159.01914589974226,27881.438
2022-04-07,169.17337036132812,158.93309236150648,27960.74
2022-04-08,167.15869140625,158.84575673636644,27997.354
2022-04-11,162.89346313476562,158.9897582504301,27987.12
2022-04-12,164.77058410644528,158.88091372544653,27913.205
2022-04-13,167.46331787109378,158.87108362820905,27812.68
2022-04-14,162.44142150878906,158.71195881717023,27718.215
2022-04-18,162.2252197265625,158.4881606195748,27595.615
2022-04-19,164.51501464843747,158.31123993781608,27458.645
2022-04-20,164.34796142578128,158.2336642179524,27335.291
2022-04-21,163.55189514160156,158.006881829917,27226.328
2022-04-22,159.001708984375,157.78000561565625,27127.287
2022-04-25,160.07296752929688,157.51000528380933,27006.404
2022-04-26,154.0977325439453,157.26397416567497,26884.264
2022-04-27,153.87168884277344,157.11716754947852,26722.143
2022-04-28,160.81985473632812,156.82131498772515,26538.303
2022-04-29,154.93309020996094,156.52591224066936,26399.445
2022-05-02,155.2377166748047,156.05884716950672,26254.8
2022-05-03,156.7315673828125,155.75212595001625,26116.295
2022-05-04,163.15882873535156,155.54836552547246,25999.797
2022-05-05,154.06822204589844,155.20009664341947,25952.42
2022-05-06,154.7965545654297,154.85762810239598,25888.18
2022-05-09,149.6589813232422,154.28932558758908,25821.373
2022-05-10,152.07029724121094,153.96455372363607,25716.799
2022-05-11,144.18675231933594,153.75158227508987,25608.568
2022-05-12,140.30899047851562,153.4033793389624,25443.264
2022-05-13,144.7871551513672,153.07056257966153,25216.82
2022-05-16,143.241943359375,152.58964081989066,24991.354
2022-05-17,146.88351440429688,152.31299629853942,24765.467
2022-05-18,138.59645080566406,152.1570172403539,24578.123
2022-05-19,135.18125915527344,151.8740576219029,24365.158
2022-05-20,135.41746520996094,151.61397671389187,24119.268
2022-05-23,140.8502960205078,151.38676519185617,23863.297
2022-05-24,138.14370727539062,151.20288017043046,23653.03
2022-05-25,138.30120849609375,151.1417630935621,23464.986
2022-05-26,141.50970458984375,150.95452280117524,23303.488
2022-05-27,147.2771759033203,150.78977742538376,23192.764
2022-05-31,146.4898223876953,150.73301208984788,23166.836
2022-06-01,146.3618621826172,150.75091327446623,23196.652
2022-06-02,148.8224334716797,150.63640744570853,23263.842
2022-06-03,143.08445739746094,150.5375961331275,23372.455
2022-06-06,143.8324737548828,150.73681968557543,23461.338
2022-06-07,146.3618621826172,150.67251568535917,23537.123
2022-06-08,145.6237335205078,150.7187144980901,23618.137
2022-06-09,140.38771057128906,150.62640440795505,23692.924
2022-06-10,134.9647216796875,150.54440001053942,23720.107
2022-06-13,129.7976531982422,150.77070533921875,23671.238
2022-06-14,130.66371154785156,150.71109496524483,23531.47
2022-06-15,133.29156494140625,150.7616691377967,23340.336
2022-06-16,128.00634765625,150.67453675338317,23141.627
2022-06-17,129.482666015625,150.5995967192805,22907.594
2022-06-21,133.72462463378906,150.83213429594684,22671.725
2022-06-22,133.2128448486328,150.91211943229496,22478.152
2022-06-23,136.08673095703125,150.86042094065198,22320.637
2022-06-24,139.42320251464844,150.82702177573222,22218.709
2022-06-27,139.42320251464844,151.25445654266892,22186.682
2022-06-28,135.26983642578125,151.28114470775196,22206.172
2022-06-29,137.03155517578125,151.427180747224,22229.969
2022-06-30,134.56117248535156,151.44386210324393,22268.5
2022-07-01,136.73631286621094,151.47993240780747,22296.133
2022-07-05,139.3247528076172,152.19473955827934,22330.639
2022-07-06,140.66329956054688,152.39428466386448,22387.424
2022-07-07,144.03915405273438,152.45693805639695,22467.316
2022-07-08,144.71823120117188,152.53015111799417,22585.371
2022-07-11,142.58248901367188,153.20647629046925,22730.021
2022-07-12,143.55686950683594,153.28503647137808,22870.488
2022-07-13,143.19271850585938,153.46426068138146,23008.41
2022-07-14,146.1256866455078,153.49403410072256,23134.701
2022-07-15,147.79881286621094,153.52207106547334,23268.598
2022-07-18,144.7477569580078,153.99589272869883,23413.865
2022-07-19,148.61569213867188,153.9882220222248,23537.209
2022-07-20,150.6234893798828,154.07424930484407,23668.424
2022-07-21,152.89707946777344,154.00560390023543,23813.754
2022-07-22,151.65692138671875,153.93189939107435,23979.357
2022-07-25,150.53494262695312,154.1009916180054,24142.074
2022-07-26,149.2062530517578,153.99887196666796,24286.523
2022-07-27,154.3142852783203,153.99739855617682,24400.854
2022-07-28,154.8654327392578,153.85006811089545,24526.65
2022-07-29,159.94395446777344,153.70818447405307,24658.264
2022-08-01,158.9597930908203,153.74909630760413,24826.123
2022-08-02,157.48345947265625,153.6326841809699,25004.037
2022-08-03,163.50682067871094,153.6317923757452,25169.662
2022-08-04,163.19187927246094,153.49976803836114,25363.684
2022-08-05,162.96517944335938,153.38738876293488,25565.363
2022-08-08,162.4921112060547,153.59117528117588,25761.066
2022-08-09,162.54139709472656,153.54848673425963,25939.293
2022-08-10,166.799072265625,153.62757814514123,26096.62
2022-08-11,166.05992126464844,153.579333918666,26263.125
2022-08-12,169.6178131103516,153.55187528656487,26422.059
2022-08-15,170.69210815429688,153.98897438584277,26594.725
2022-08-16,170.53439331054688,154.0073269503382,26776.393
2022-08-17,172.03247070312497,154.1344531238093,26954.422
2022-08-18,171.63827514648438,154.1186762902709,27132.34
2022-08-19,169.04620361328125,154.10579241805596,27298.24
2022-08-22,165.15316772460935,154.4607108887221,27428.223
2022-08-23,164.8180389404297,154.40541978215674,27497.62
2022-08-24,165.11373901367188,154.43471904916794,27518.545
2022-08-25,167.57766723632812,154.2970018979409,27506.246
2022-08-26,161.26010131835938,154.13862275946772,27489.535
2022-08-29,159.0524444580078,153.92856330864146,27423.598
2022-08-30,156.6180877685547,153.6486898511697,27310.79
2022-08-31,154.95245361328125,153.43960516775746,27152.363
2022-09-01,155.6817626953125,153.05283103242908,26957.229
2022-09-02,153.56277465820312,152.63812935697624,26751.293
2022-09-06,152.3012237548828,151.1244638251141,26532.027
2022-09-07,153.7106170654297,150.67889581632872,26305.072
2022-09-08,152.2322235107422,150.07082673858577,26094.45
2022-09-09,155.10025024414062,149.45340764987154,25894.617
2022-09-12,161.07286071777344,148.00013598952341,25733.877
2022-09-13,151.62120056152344,147.3709622268991,25653.137
2022-09-14,153.0699920654297,146.854166697448,25562.346
2022-09-15,150.17239379882812,146.20574634582775,25480.363
2022-09-16,148.5264892578125,145.5791761145356,25386.006
2022-09-19,152.25193786621094,144.28077543147668,25274.867
2022-09-20,154.6370391845703,143.75976065573045,25184.748
2022-09-21,151.5029296875,143.3760609253473,25131.328
2022-09-22,150.5370635986328,142.88303358027272,25083.145
2022-09-23,148.26036071777344,142.4311601832182,25034.074
2022-09-26,148.595458984375,141.73878290534094,24969.459
2022-09-27,149.57118225097656,141.43496654251874,24899.344
2022-09-28,147.67884826660156,141.26984912366387,24835.781
2022-09-29,140.42503356933594,140.99312869973474,24765.666
2022-09-30,136.20675659179688,140.75177542604087,24639.898
2022-10-03,140.39544677734375,140.62474691931936,24449.143
2022-10-04,143.99281311035156,140.47843091855466,24252.72
2022-10-05,144.28848266601562,140.45187798113795,24088.412
2022-10-06,143.33245849609375,140.2933722732071,23957.496
2022-10-07,138.06948852539062,140.14894401680138,23850.102
2022-10-10,138.39474487304688,140.18277236103327,23725.291
2022-10-11,136.97549438476562,140.04838673323314,23596.648
2022-10-12,136.34474182128906,140.01482219459996,23460.332
2022-10-13,140.9276885986328,139.8320872167545,23320.2
2022-10-14,136.38417053222656,139.64826087183204,23218.512
2022-10-17,140.3560333251953,139.4970558259847,23114.7
2022-10-18,141.67669677734375,139.50982043403081,23044.672
2022-10-19,141.78515625,139.621289355338,23011.744
2022-10-20,141.3218994140625,139.58419389651021,23007.738
2022-10-21,145.1459503173828,139.54922414756817,23020.982
2022-10-24,147.2945098876953,139.88713501772003,23074.535
2022-10-25,150.14285278320312,139.86131639035403,23170.06
2022-10-26,147.19593811035156,139.94695844098072,23312.227
2022-10-27,142.71156311035156,139.89772589805318,23458.258
2022-10-28,153.49378967285156,139.8648658209734,23565.893
2022-10-31,151.12838745117188,140.2944912540255,23721.947
2022-11-01,148.47718811035156,140.32586450319658,23886.096
2022-11-02,142.93826293945312,140.48026155916006,24028.46
2022-11-03,136.876953125,140.50987140346336,24106.521
2022-11-04,136.61041259765625,140.56423768533392,24089.213
2022-11-07,137.1434783935547,141.2864168625096,24002.895
2022-11-08,137.71607971191406,141.41868868309228,23875.48
2022-11-09,133.14527893066406,141.67218772168562,23729.635
2022-11-10,144.99183654785156,141.79710088674193,23543.8
2022-11-11,147.78562927246094,141.94109767321086,23428.668
2022-11-14,146.38380432128906,142.88217365015123,23390.52
2022-11-15,148.12130737304688,143.06658816967837,23399.604
2022-11-16,146.8872833251953,143.3604049843671,23455.508
2022-11-17,148.7926025390625,143.5133923352897,23532.5
2022-11-18,149.35528564453125,143.67309293357502,23634.8
2022-11-21,146.1172637939453,144.58998511002503,23753.738
2022-11-22,148.25949096679688,144.74482007313557,23853.85
2022-11-23,149.1381378173828,144.99996434349063,23951.547
2022-11-25,146.2159881591797,145.21316484835407,24048.781
2022-11-28,142.37574768066406,145.94689208768435,24118.756
2022-11-29,139.36471557617188,146.0374347728543,24137.053
2022-11-30,146.13699340820312,146.22893716784864,24094.988
2022-12-01,146.41342163085938,146.27361434317456,24063.12
2022-12-02,145.9198455810547,146.32141356932334,24041.857
2022-12-05,144.75491333007812,146.90308364640327,24026.182
2022-12-06,141.0824737548828,146.95260412766862,24006.934
2022-12-07,139.13768005371094,147.10807527447497,23958.623
2022-12-08,140.8258056640625,147.12148187809015,23877.479
2022-12-09,140.34207153320312,147.14234039435573,23789.506
2022-12-12,142.6422882080078,147.6623155772909,23697.145
2022-12-13,143.6097412109375,147.69471749304338,23623.697
2022-12-14,141.37863159179688,147.8331260070059,23574.648
2022-12-15,134.75445556640625,147.82848377758555,23528.768
2022-12-16,132.78990173339844,147.82929301686133,23437.52
2022-12-19,130.67723083496094,148.26821475718103,23303.512
2022-12-20,130.60812377929688,148.2643290145984,23129.076
2022-12-21,133.71788024902344,148.36110746195112,22933.547
2022-12-22,130.53904724121094,148.3093868213438,22755.828
2022-12-23,130.1737823486328,148.25780005322625,22575.502
2022-12-27,128.36717224121094,148.44125890080664,22399.713
2022-12-28,124.4281997680664,148.46950330114854,22221.992
2022-12-29,127.95257568359375,148.34967006710187,22021.654
2022-12-30,128.26846313476562,148.23202428335102,21841.336
2023-01-03,123.47061920166016,148.20742110991978,21686.072
2023-01-04,124.74411773681639,148.2067199737268,21519.992
2023-01-05,123.42124938964844,148.07055744591057,21363.766
2023-01-06,127.96241760253906,147.9506460469081,21211.686
2023-01-09,128.4856414794922,148.12594093158464,21104.066
2023-01-10,129.0582275390625,148.07821627892156,21037.23
2023-01-11,131.78294372558594,148.15842519526632,21007.205
2023-01-12,131.70396423339844,148.12015441877801,21025.465
2023-01-13,133.0366973876953,148.1143943038987,21076.55
2023-01-17,134.20162963867188,148.83391401205054,21158.498
2023-01-18,133.48095703125,149.0861634901911,21266.984
2023-01-19,133.54019165039062,149.2246136609451,21383.365
2023-01-20,136.10693359375,149.39738149639726,21499.846
2023-01-23,139.3054656982422,150.51569113187395,21629.832
2023-01-24,140.7073211669922,150.78750591972724,21787.146
2023-01-25,140.04592895507812,151.1809352394459,21966.963
2023-01-26,142.1190643310547,151.4440032925736,22149.191
2023-01-27,144.0638427734375,151.72214375410707,22339.982
2023-01-30,141.17132568359375,153.01856452930812,22542.195
2023-01-31,142.44483947753906,153.29800507338484,22720.746
2023-02-01,143.5702362060547,153.6713394781594,22883.516
2023-02-02,148.891357421875,153.8861582207713,23035.441
2023-02-03,152.52427673339844,154.08793668712843,23212.56
2023-02-06,149.78968811035156,154.99420374778822,23426.5
2023-02-07,152.67234802246094,155.09477023313272,23635.908
2023-02-08,149.9772491455078,155.26834186335608,23854.062
2023-02-09,148.94065856933594,155.26520717333477,24047.121
2023-02-10,149.30650329589844,155.2338687121636,24205.225
2023-02-13,152.11447143554688,155.38388355542295,24333.379
2023-02-14,151.47181701660156,155.22560855378754,24455.084
2023-02-15,153.57778930664062,155.14326576532986,24561.422
2023-02-16,151.97605895996094,154.89090933521746,24667.95
2023-02-17,150.82916259765625,154.62070373824326,24757.469
2023-02-21,146.80506896972656,153.82671024453356,24822.318
2023-02-22,147.23020935058594,153.60439123962246,24836.314
2023-02-23,147.7146759033203,153.23898598811425,24817.01
2023-02-24,145.05502319335938,152.88410093829006,24778.537
2023-02-27,146.25137329101562,152.3371401705123,24708.467
2023-02-28,145.74713134765625,152.0478697443045,24628.834
2023-03-01,143.6708221435547,151.88827096105302,24542.549
2023-03-02,144.26406860351562,151.61300820708476,24440.432
2023-03-03,149.32630920410156,151.374030368179,24336.791
2023-03-06,152.0947265625,151.3077577012006,24275.2
2023-03-07,149.889892578125,151.214467820664,24267.3
2023-03-08,151.14553833007812,151.26393474215232,24281.707
2023-03-09,148.8912353515625,151.2077585266469,24320.957
2023-03-10,146.82481384277344,151.19477411560933,24358.639
2023-03-13,148.77261352539062,151.8171693892861,24377.588
2023-03-14,150.86868286132812,151.9472298142604,24396.584
2023-03-15,151.26422119140625,152.2124620730095,24429.973
2023-03-16,154.0919189453125,152.36210148702017,24474.814
2023-03-17,153.25152587890625,152.54287997196587,24546.947
2023-03-20,155.6244354248047,153.65760650635707,24628.55
2023-03-21,157.4832305908203,153.9181340389673,24730.879
2023-03-22,156.04957580566406,154.29581009610894,24856.66
2023-03-23,157.13714599609375,154.5396166980039,24982.084
2023-03-24,158.4422607421875,154.7963273204762,25109.32
2023-03-27,156.49452209472656,156.0338414259977,25241.113
2023-03-28,155.87158203125,156.30290590387153,25354.875
2023-03-29,158.9564208984375,156.67469220802306,25445.69
2023-03-30,160.5284881591797,156.89945166615882,25538.816
2023-03-31,163.03982543945312,157.1253162115968,25640.574
2023-04-03,164.29550170898438,158.21368776343252,25762.44
2023-04-04,163.76158142089844,158.41887043233314,25902.053
2023-04-05,161.9126739501953,158.72192217715326,26043.527
2023-04-06,162.80255126953122,158.87430743045826,26165.645
2023-04-10,160.20220947265625,159.8826796435932,26274.729
2023-04-11,158.986083984375,160.01110442494678,26349.482
2023-04-12,158.29397583007812,160.23829644532472,26387.354
2023-04-13,163.69236755371097,160.31598237402935,26392.059
2023-04-14,163.3463134765625,160.39353039668438,26413.484
2023-04-17,163.3660888671875,161.0382928173005,26442.861
2023-04-18,164.5921173095703,161.0978696341249,26477.197
2023-04-19,165.73902893066406,161.25686300569203,26522.771
2023-04-20,164.77008056640625,161.2667442682191,26582.637
2023-04-21,163.15847778320315,161.27663396359884,26642.457
2023-04-24,163.46498107910156,161.71735453764322,26687.393
2023-04-25,161.92257690429688,161.70821207643087,26721.85
2023-04-26,161.9126739501953,161.79815707927116,26735.453
2023-04-27,166.51020812988278,161.73881520349937,26733.637
2023-04-28,167.76589965820312,161.67956258431158,26755.182
2023-05-01,167.6769256591797,161.9174081788254,26801.246
2023-05-02,166.63876342773438,161.8439813805076,26862.021
2023-05-03,165.5610809326172,161.87242406524754,26922.678
2023-05-04,163.91978454589844,161.75512011285113,26972.291
2023-05-05,171.61204528808594,161.64224068408032,26999.318
2023-05-08,171.54281616210938,161.75329568248168,27066.252
2023-05-09,169.83233642578125,161.65155363391045,27156.768
2023-05-10,171.60214233398438,161.65981768851083,27247.234
2023-05-11,171.7899932861328,161.53104711500262,27346.553
2023-05-12,170.8592987060547,161.41588016867868,27448.25
2023-05-15,170.36427307128906,161.57786709079062,27539.617
2023-05-16,170.36427307128906,161.51254185177197,27615.5
2023-05-17,170.97811889648438,161.5666388696465,27676.592
2023-05-18,173.3147430419922,161.4926961308503,27728.7
2023-05-19,173.4236297607422,161.44077542725546,27789.172
2023-05-22,172.47314453125,161.83511857917952,27853.254
2023-05-23,169.8593292236328,161.8582111810259,27909.914
2023-05-24,170.13653564453125,162.00434963203335,27939.346
2023-05-25,171.27514648437503,162.0248595451705,27950.406
2023-05-26,173.69094848632812,162.06856080980342,27956.205
2023-05-30,175.54241943359375,162.85581161082175,27975.836
2023-05-31,175.492919921875,163.08563652816653,28017.895
2023-06-01,178.30474853515622,163.18442424215797,28073.45
2023-06-02,179.15625000000003,163.3002748827836,28156.79
2023-06-05,177.79981994628906,164.15116616273744,28261.596
2023-06-06,177.4335174560547,164.30630884462647,28366.312
2023-06-07,176.05728149414062,164.57282741850017,28463.11
2023-06-08,178.77999877929688,164.70153212320733,28539.12
2023-06-09,179.16615295410153,164.84104279103536,28616.732
2023-06-12,181.9680938720703,165.73280924622776,28693.953
2023-06-13,181.49282836914062,165.89462351969635,28787.795
2023-06-14,182.12649536132812,166.16609163208952,28884.938
2023-06-15,184.16607666015625,166.29914548039716,28984.49
2023-06-16,183.08688354492188,166.44352965801448,29095.707
2023-06-20,183.17597961425778,167.54270033168655,29201.4
2023-06-21,182.13641357421875,167.83647450525336,29298.803
2023-06-22,185.14627075195312,167.99747055378634,29377.764
2023-06-23,184.8294219970703,168.17576697619663,29461.994
2023-06-26,183.43341064453125,169.23380314545497,29542.924
2023-06-27,186.19573974609375,169.4698619691209,29607.496
2023-06-28,187.37393188476562,169.8252524987681,29677.852
2023-06-29,187.71057128906253,170.05153970510062,29756.955
2023-06-30,192.04718017578125,170.29774481248248,29840.762
2023-07-03,190.55216979980472,171.56257330370053,29955.484
2023-07-05,189.43334960937497,172.28023879176843,30074.686
2023-07-06,189.90858459472656,172.5617042553973,30183.346
2023-07-07,188.78977966308594,172.8558915522129,30282.645
2023-07-10,186.7403106689453,174.20896809600612,30361.947
2023-07-11,186.21556091308594,174.51776133992811,30408.375
2023-07-12,187.88880920410156,174.92943369457643,30425.773
2023-07-13,188.65115356445312,175.19372641207636,30434.098
2023-07-14,188.7996826171875,175.45815979996115,30440.969
2023-07-17,192.0669708251953,176.64981671792657,30447.709
2023-07-18,191.80953979492188,176.88324480222803,30478.049
2023-07-19,193.1659698486328,177.21067859813098,30521.24
2023-07-20,191.21551513671878,177.38335928011224,30581.506
2023-07-21,190.03729248046875,177.5505066552054,30636.361
2023-07-24,190.83924865722656,178.43548271453744,30676.428
2023-07-25,191.7006378173828,178.5685941576334,30709.887
2023-07-26,192.5718994140625,178.80014991907967,30742.965
2023-07-27,191.3046112060547,178.88341190000924,30780.295
2023-07-28,193.8887481689453,178.96950413787562,30809.44
2023-07-31,194.50259399414062,179.6777854377312,30850.447
2023-08-01,193.67091369628906,179.77836260393806,30901.697
2023-08-02,190.67092895507812,179.9919275511846,30951.592
2023-08-03,189.27491760253903,180.07205202511412,30976.436
2023-08-04,180.18595886230472,180.16980381986815,30972.729
2023-08-07,177.07705688476562,180.99565213996163,30882.977
2023-08-08,178.0176239013672,181.15903923704815,30715.91
2023-08-09,176.42361450195312,181.44440554311691,30509.541
2023-08-10,176.20579528808594,181.60317044180815,30273.69
2023-08-11,176.2652587890625,181.78399539784087,30027.646
2023-08-14,177.92094421386722,182.85882304301273,29787.29
2023-08-15,175.9281921386719,183.09564737946937,29575.238
2023-08-16,175.0557403564453,183.44488424845233,29379.09
2023-08-17,172.5077667236328,183.65518347133556,29197.988
2023-08-18,172.9935760498047,183.87259588296246,29017.758
2023-08-21,174.33200073242188,184.94505682716598,28850.729
2023-08-22,175.7100830078125,185.1378375652549,28710.727
2023-08-23,179.5667266845703,185.41943104246158,28606.572
2023-08-24,174.86737060546875,185.53796156420412,28561.078
2023-08-25,177.0782470703125,185.6394288199497,28524.246
2023-08-28,178.6446990966797,186.2257941361368,28512.176
2023-08-29,182.5409698486328,186.21512746479576,28528.973
2023-08-30,186.04071044921875,186.27603960770568,28593.615
2023-08-31,186.25881958007812,186.1593554798479,28713.973
2023-09-01,187.83518981933594,186.0141244127334,28868.848
2023-09-05,188.07312011718747,185.55812845496843,29051.81
2023-09-06,181.3413543701172,185.36867188054453,29246.63
2023-09-07,176.0372314453125,185.01226466947188,29390.297
2023-09-08,176.6519012451172,184.64161389142745,29452.342
2023-09-11,177.82179260253906,183.8961457121818,29458.457
2023-09-12,174.7880401611328,183.49150117414945,29432.926
2023-09-13,172.71595764160156,183.19349593973394,29364.04
2023-09-14,174.2328338623047,182.7582561262659,29253.611
2023-09-15,173.5091094970703,182.3394834357976,29131.068
2023-09-18,176.44369506835938,181.6357926357686,29000.77
2023-09-19,177.5343017578125,181.3050520976808,28893.605
2023-09-20,173.98500061035153,181.10860605602693,28816.094
2023-09-21,172.43833923339844,180.8004602050132,28737.521
2023-09-22,173.29100036621097,180.5317740472243,28651.318
2023-09-25,174.5699310302734,180.38572222173806,28570.209
2023-09-26,170.48526000976562,180.26519701908566,28505.814
2023-09-27,168.9683837890625,180.28502120766123,28426.023
2023-09-28,169.2261657714844,180.19545895406986,28328.533
2023-09-29,169.74171447753906,180.14398474749424,28225.082
2023-10-02,172.25991821289062,180.60685328567092,28126.072
2023-10-03,170.92147827148438,180.6648203310762,28053.623
2023-10-04,172.1707000732422,180.84660409482518,27993.455
2023-10-05,173.4099578857422,180.90049101160574,27954.51
2023-10-06,175.96783447265625,180.97242582800575,27941.467
2023-10-09,177.45498657226562,181.6770924679757,27966.168
2023-10-10,176.86010742187503,181.77252008942975,28027.027
2023-10-11,178.2580261230469,181.9711964032025,28105.889
2023-10-12,179.16021728515628,182.02265935275443,28203.822
2023-10-13,177.31617736816406,182.07448902358138,28316.576
2023-10-16,177.18728637695312,182.63384085450883,28420.273
2023-10-17,175.63075256347656,182.66070801744004,28511.49
2023-10-18,174.33200073242188,182.78524158657254,28577.584
2023-10-19,173.95524597167966,182.7597540776585,28613.123
2023-10-20,171.39735412597656,182.7345667436185,28622.582
2023-10-23,171.51634216308594,183.08807951297615,28594.3
2023-10-24,171.95254516601562,183.06228194815117,28542.084
2023-10-25,169.6326446533203,183.14523202566073,28478.818
2023-10-26,165.458740234375,183.090626560743,28393.904
2023-10-27,166.77734375000003,183.04981263625055,28267.555
2023-10-30,168.82957458496097,183.44201368496297,28128.465
2023-10-31,169.3054656982422,183.45729468614866,28002.18
2023-11-01,172.47801208496094,183.5943461174079,27894.707
2023-11-02,176.04714965820312,183.60573335009053,27829.625
2023-11-03,175.13502502441406,183.6413915501525,27824.049
2023-11-06,177.69293212890625,184.3084658378859,27854.008
2023-11-07,180.2606964111328,184.4239579288298,27926.734
2023-11-08,181.32151794433594,184.66203372997683,28044.523
2023-11-09,180.8456573486328,184.7731637705422,28195.615
2023-11-10,185.04489135742188,184.90525642877398,28358.809
2023-11-13,183.45654296875,185.82352278800076,28553.045
2023-11-14,186.07733154296875,186.00490821738757,28746.82
2023-11-15,186.64317321777344,186.2979833481751,28949.922
2023-11-16,188.3308563232422,186.45243807653756,29152.89
2023-11-17,188.31097412109375,186.61568905667576,29357.822
2023-11-20,190.0581817626953,187.55386504309013,29553.393
2023-11-21,189.25408935546875,187.71856101526737,29745.387
2023-11-22,189.91920471191406,187.98450850373968,29919.066
2023-11-24,188.5889434814453,188.2210270118404,30076.246
2023-11-27,188.41024780273438,188.9900328919154,30204.14
2023-11-28,189.01580810546875,189.09149040248695,30304.074
2023-11-29,187.9932861328125,189.2931849087093,30383.863
2023-11-30,188.569091796875,189.34720635979085,30438.08
2023-12-01,189.8497314453125,189.4034178390802,30476.244
2023-12-04,188.0528717041016,190.00452343052424,30510.62
2023-12-05,192.0138702392578,190.05872403247318,30527.541
2023-12-06,190.92185974121094,190.2181375519744,30560.787
2023-12-07,192.85769653320312,190.23489341149272,30595.309
2023-12-08,194.28720092773435,190.25867700650502,30643.607
2023-12-11,191.7755889892578,190.78679686623525,30709.275
2023-12-12,193.2944793701172,190.82236587412459,30765.459
2023-12-13,196.52084350585938,190.9644845679034,30823.658
2023-12-14,196.66976928710938,190.96426171797458,30903.287
2023-12-15,196.13369750976562,190.9703398902634,30994.469
2023-12-18,194.46588134765625,191.43106084415155,31085.383
2023-12-19,195.50827026367188,191.4365359904907,31159.496
2023-12-20,193.4136199951172,191.54365970836366,31225.797
2023-12-21,193.2646789550781,191.5031612836239,31267.717
2023-12-22,192.19256591796875,191.46352031925142,31289.729
2023-12-26,191.6465606689453,191.6974841699568,31288.795
2023-12-27,191.74581909179688,191.73761142964239,31268.078
2023-12-28,192.17268371582034,191.62871186571664,31235.352
2023-12-29,191.1303253173828,191.5207051600312,31199.012
